{
    "$schema": "https://schema.management.azure.com/schemas/2015-01-01/deploymentParameters.json#",
    "contentVersion": "1.0.0.0",
    "parameters": {
        "accounts_iotdla70e9da61_defaultDataLakeStoreAccount": {
            "value": null
        },
        "accounts_iotdla70e9da61_dataLakeStoreAccounts": {
            "value": null
        },
        "sites_iot_func_70E9DA61_name": {
            "value": null
        },
        "serverfarms_EastAsiaPlan_name": {
            "value": null
        },
        "IotHubs_iot_hub_70E9DA61_name": {
            "value": null
        },
        "accounts_iotdls70e9da61_name": {
            "value": null
        },
        "storageAccounts_iotblob70e9da61_name": {
            "value": null
        },
        "accounts_iotdla70e9da61_name": {
            "value": null
        },
        "databaseAccounts_iotcosmos70e9da61_name": {
            "value": null
        },
        "streamingjobs_iot_asa_70E9DA61_name": {
            "value": null
        },
        "environments_iot_tsi_70E9DA61_name": {
            "value": null
        }
    }
}