{
    "$schema": "https://schema.management.azure.com/schemas/2015-01-01/deploymentTemplate.json#",
    "contentVersion": "1.0.0.0",
    "parameters": {
        "accounts_iotdla70e9da61_defaultDataLakeStoreAccount": {
            "defaultValue": null,
            "type": "SecureString"
        },
        "accounts_iotdla70e9da61_dataLakeStoreAccounts": {
            "defaultValue": null,
            "type": "Array"
        },
        "sites_iot_func_70E9DA61_name": {
            "defaultValue": "iot-func-70E9DA61",
            "type": "String"
        },
        "serverfarms_EastAsiaPlan_name": {
            "defaultValue": "EastAsiaPlan",
            "type": "String"
        },
        "IotHubs_iot_hub_70E9DA61_name": {
            "defaultValue": "iot-hub-70E9DA61",
            "type": "String"
        },
        "accounts_iotdls70e9da61_name": {
            "defaultValue": "iotdls70e9da61",
            "type": "String"
        },
        "storageAccounts_iotblob70e9da61_name": {
            "defaultValue": "iotblob70e9da61",
            "type": "String"
        },
        "accounts_iotdla70e9da61_name": {
            "defaultValue": "iotdla70e9da61",
            "type": "String"
        },
        "databaseAccounts_iotcosmos70e9da61_name": {
            "defaultValue": "iotcosmos70e9da61",
            "type": "String"
        },
        "streamingjobs_iot_asa_70E9DA61_name": {
            "defaultValue": "iot-asa-70E9DA61",
            "type": "String"
        },
        "environments_iot_tsi_70E9DA61_name": {
            "defaultValue": "iot-tsi-70E9DA61",
            "type": "String"
        }
    },
    "variables": {},
    "resources": [
        {
            "type": "Microsoft.DataLakeAnalytics/accounts",
            "apiVersion": "2016-11-01",
            "name": "[parameters('accounts_iotdla70e9da61_name')]",
            "location": "centralus",
            "properties": {
                "defaultDataLakeStoreAccount": "[parameters('accounts_iotdla70e9da61_defaultDataLakeStoreAccount')]",
                "dataLakeStoreAccounts": "[parameters('accounts_iotdla70e9da61_dataLakeStoreAccounts')]"
            }
        },
        {
            "type": "Microsoft.DataLakeStore/accounts",
            "apiVersion": "2016-11-01",
            "name": "[parameters('accounts_iotdls70e9da61_name')]",
            "location": "centralus",
            "properties": {}
        },
        {
            "type": "Microsoft.Devices/IotHubs",
            "apiVersion": "2018-04-01",
            "name": "[parameters('IotHubs_iot_hub_70E9DA61_name')]",
            "location": "eastasia",
            "sku": {
                "name": "S1",
                "tier": "Standard",
                "capacity": 1
            },
            "properties": {
                "operationsMonitoringProperties": {
                    "events": {
                        "None": "None",
                        "Connections": "None",
                        "DeviceTelemetry": "None",
                        "C2DCommands": "None",
                        "DeviceIdentityOperations": "None",
                        "FileUploadOperations": "None",
                        "Routes": "None"
                    }
                },
                "ipFilterRules": [],
                "eventHubEndpoints": {
                    "events": {
                        "retentionTimeInDays": 1,
                        "partitionCount": 4,
                        "partitionIds": [
                            "0",
                            "1",
                            "2",
                            "3"
                        ],
                        "path": "iot-hub-70e9da61",
                        "endpoint": "sb://iothub-ns-iot-hub-70-1536509-e6240462b3.servicebus.windows.net/"
                    },
                    "operationsMonitoringEvents": {
                        "retentionTimeInDays": 1,
                        "partitionCount": 4,
                        "partitionIds": [
                            "0",
                            "1",
                            "2",
                            "3"
                        ],
                        "path": "iot-hub-70e9da61-operationmonitoring",
                        "endpoint": "sb://iothub-ns-iot-hub-70-1536509-e6240462b3.servicebus.windows.net/"
                    }
                },
                "routing": {
                    "endpoints": {
                        "serviceBusQueues": [],
                        "serviceBusTopics": [],
                        "eventHubs": [],
                        "storageContainers": []
                    },
                    "routes": [],
                    "fallbackRoute": {
                        "name": "$fallback",
                        "source": "DeviceMessages",
                        "condition": "true",
                        "endpointNames": [
                            "events"
                        ],
                        "isEnabled": true
                    }
                },
                "storageEndpoints": {
                    "$default": {
                        "sasTtlAsIso8601": "PT1H",
                        "connectionString": "",
                        "containerName": ""
                    }
                },
                "messagingEndpoints": {
                    "fileNotifications": {
                        "lockDurationAsIso8601": "PT1M",
                        "ttlAsIso8601": "PT1H",
                        "maxDeliveryCount": 10
                    }
                },
                "enableFileUploadNotifications": false,
                "cloudToDevice": {
                    "maxDeliveryCount": 10,
                    "defaultTtlAsIso8601": "PT1H",
                    "feedback": {
                        "lockDurationAsIso8601": "PT1M",
                        "ttlAsIso8601": "PT1H",
                        "maxDeliveryCount": 10
                    }
                },
                "features": "None"
            }
        },
        {
            "type": "Microsoft.DocumentDB/databaseAccounts",
            "apiVersion": "2015-04-08",
            "name": "[parameters('databaseAccounts_iotcosmos70e9da61_name')]",
            "location": "East Asia",
            "tags": {
                "defaultExperience": "Core (SQL)"
            },
            "kind": "GlobalDocumentDB",
            "properties": {
                "ipRangeFilter": "",
                "enableAutomaticFailover": false,
                "enableMultipleWriteLocations": false,
                "isVirtualNetworkFilterEnabled": false,
                "virtualNetworkRules": [],
                "databaseAccountOfferType": "Standard",
                "consistencyPolicy": {
                    "defaultConsistencyLevel": "Session",
                    "maxIntervalInSeconds": 5,
                    "maxStalenessPrefix": 100
                },
                "locations": [
                    {
                        "locationName": "East Asia",
                        "provisioningState": "Succeeded",
                        "failoverPriority": 0
                    },
                    {
                        "locationName": "Southeast Asia",
                        "provisioningState": "Succeeded",
                        "failoverPriority": 1
                    }
                ],
                "capabilities": []
            }
        },
        {
            "type": "Microsoft.Storage/storageAccounts",
            "apiVersion": "2018-07-01",
            "name": "[parameters('storageAccounts_iotblob70e9da61_name')]",
            "location": "eastasia",
            "sku": {
                "name": "Standard_LRS",
                "tier": "Standard"
            },
            "kind": "Storage",
            "properties": {
                "networkAcls": {
                    "bypass": "AzureServices",
                    "virtualNetworkRules": [],
                    "ipRules": [],
                    "defaultAction": "Allow"
                },
                "supportsHttpsTrafficOnly": false,
                "encryption": {
                    "services": {
                        "file": {
                            "enabled": true
                        },
                        "blob": {
                            "enabled": true
                        }
                    },
                    "keySource": "Microsoft.Storage"
                }
            }
        },
        {
            "type": "Microsoft.StreamAnalytics/streamingjobs",
            "apiVersion": "2016-03-01",
            "name": "[parameters('streamingjobs_iot_asa_70E9DA61_name')]",
            "location": "East Asia",
            "properties": {
                "sku": {
                    "name": "Standard"
                },
                "outputStartMode": "JobStartTime",
                "outputStartTime": "2019-04-20T12:38:31.133Z",
                "eventsOutOfOrderPolicy": "Adjust",
                "outputErrorPolicy": "Stop",
                "eventsOutOfOrderMaxDelayInSeconds": 0,
                "eventsLateArrivalMaxDelayInSeconds": 5,
                "dataLocale": "en-US",
                "compatibilityLevel": "1.0"
            }
        },
        {
            "type": "Microsoft.TimeSeriesInsights/environments",
            "apiVersion": "2017-11-15",
            "name": "[parameters('environments_iot_tsi_70E9DA61_name')]",
            "location": "westus",
            "sku": {
                "name": "S1",
                "capacity": 1
            },
            "kind": "Standard",
            "properties": {
                "dataRetentionTime": "P30D",
                "storageLimitExceededBehavior": "PurgeOldData"
            }
        },
        {
            "type": "Microsoft.Web/serverfarms",
            "apiVersion": "2016-09-01",
            "name": "[parameters('serverfarms_EastAsiaPlan_name')]",
            "location": "East Asia",
            "sku": {
                "name": "Y1",
                "tier": "Dynamic",
                "size": "Y1",
                "family": "Y",
                "capacity": 0
            },
            "kind": "functionapp",
            "properties": {
                "name": "[parameters('serverfarms_EastAsiaPlan_name')]",
                "perSiteScaling": false,
                "reserved": false,
                "targetWorkerCount": 0,
                "targetWorkerSizeId": 0
            }
        },
        {
            "type": "Microsoft.DataLakeAnalytics/accounts/dataLakeStoreAccounts",
            "apiVersion": "2016-11-01",
            "name": "[concat(parameters('accounts_iotdla70e9da61_name'), '/iotdls70e9da61')]",
            "dependsOn": [
                "[resourceId('Microsoft.DataLakeAnalytics/accounts', parameters('accounts_iotdla70e9da61_name'))]"
            ],
            "properties": {}
        },
        {
            "type": "Microsoft.StreamAnalytics/streamingjobs/inputs",
            "apiVersion": "2016-03-01",
            "name": "[concat(parameters('streamingjobs_iot_asa_70E9DA61_name'), '/Hub')]",
            "dependsOn": [
                "[resourceId('Microsoft.StreamAnalytics/streamingjobs', parameters('streamingjobs_iot_asa_70E9DA61_name'))]"
            ],
            "properties": {
                "type": "Stream",
                "datasource": {
                    "type": "Microsoft.Devices/IotHubs",
                    "properties": {
                        "iotHubNamespace": "iot-hub-70E9DA61",
                        "sharedAccessPolicyName": "iothubowner",
                        "endpoint": "messages/events",
                        "consumerGroupName": "$Default"
                    }
                },
                "compression": {
                    "type": "None"
                },
                "serialization": {
                    "type": "Json",
                    "properties": {
                        "encoding": "UTF8"
                    }
                },
                "etag": "47bcc935-7788-4d8c-a843-04a8c718430b"
            }
        },
        {
            "type": "Microsoft.StreamAnalytics/streamingjobs/outputs",
            "apiVersion": "2016-03-01",
            "name": "[concat(parameters('streamingjobs_iot_asa_70E9DA61_name'), '/cosmos')]",
            "dependsOn": [
                "[resourceId('Microsoft.StreamAnalytics/streamingjobs', parameters('streamingjobs_iot_asa_70E9DA61_name'))]"
            ],
            "properties": {
                "datasource": {
                    "type": "Microsoft.Storage/DocumentDB",
                    "properties": {
                        "accountId": "iotcosmos70e9da61",
                        "accountKey": null,
                        "database": "capstone",
                        "collectionNamePattern": "Collection1"
                    }
                }
            }
        },
        {
            "type": "Microsoft.StreamAnalytics/streamingjobs/outputs",
            "apiVersion": "2016-03-01",
            "name": "[concat(parameters('streamingjobs_iot_asa_70E9DA61_name'), '/DataLake')]",
            "dependsOn": [
                "[resourceId('Microsoft.StreamAnalytics/streamingjobs', parameters('streamingjobs_iot_asa_70E9DA61_name'))]"
            ],
            "properties": {
                "datasource": {
                    "type": "Microsoft.DataLake/Accounts",
                    "properties": {
                        "filePathPrefix": "/telemetry/{date}/",
                        "accountName": "iotdls70e9da61",
                        "tenantId": "4b1a3e1e-7b72-4f08-b274-a4473dca78ed",
                        "dateFormat": "yyyy/MM/dd",
                        "timeFormat": "HH",
                        "authenticationMode": "UserToken",
                        "refreshToken": null,
                        "accessToken": null,
                        "tokenUserPrincipalName": "CHBrian.Liu@outlook.com",
                        "tokenUserDisplayName": "Chun-Hung Liu"
                    }
                },
                "serialization": {
                    "type": "Json",
                    "properties": {
                        "encoding": "UTF8",
                        "format": "Array"
                    }
                }
            }
        },
        {
            "type": "Microsoft.TimeSeriesInsights/environments/accesspolicies",
            "apiVersion": "2017-11-15",
            "name": "[concat(parameters('environments_iot_tsi_70E9DA61_name'), '/ownerAccessPolicy')]",
            "dependsOn": [
                "[resourceId('Microsoft.TimeSeriesInsights/environments', parameters('environments_iot_tsi_70E9DA61_name'))]"
            ],
            "properties": {
                "principalObjectId": "f2671d06-ed1d-41fe-89d8-1b7aba90edc0",
                "roles": [
                    "Reader",
                    "Contributor"
                ]
            }
        },
        {
            "type": "Microsoft.Web/sites",
            "apiVersion": "2016-08-01",
            "name": "[parameters('sites_iot_func_70E9DA61_name')]",
            "location": "East Asia",
            "dependsOn": [
                "[resourceId('Microsoft.Web/serverfarms', parameters('serverfarms_EastAsiaPlan_name'))]"
            ],
            "kind": "functionapp",
            "properties": {
                "enabled": true,
                "hostNameSslStates": [
                    {
                        "name": "iot-func-70e9da61.azurewebsites.net",
                        "sslState": "Disabled",
                        "hostType": "Standard"
                    },
                    {
                        "name": "iot-func-70e9da61.scm.azurewebsites.net",
                        "sslState": "Disabled",
                        "hostType": "Repository"
                    }
                ],
                "serverFarmId": "[resourceId('Microsoft.Web/serverfarms', parameters('serverfarms_EastAsiaPlan_name'))]",
                "reserved": false,
                "scmSiteAlsoStopped": false,
                "clientAffinityEnabled": false,
                "clientCertEnabled": false,
                "hostNamesDisabled": false,
                "containerSize": 1536,
                "dailyMemoryTimeQuota": 0,
                "httpsOnly": false
            }
        },
        {
            "type": "Microsoft.Web/sites/config",
            "apiVersion": "2016-08-01",
            "name": "[concat(parameters('sites_iot_func_70E9DA61_name'), '/web')]",
            "location": "East Asia",
            "dependsOn": [
                "[resourceId('Microsoft.Web/sites', parameters('sites_iot_func_70E9DA61_name'))]"
            ],
            "properties": {
                "numberOfWorkers": 1,
                "defaultDocuments": [
                    "Default.htm",
                    "Default.html",
                    "Default.asp",
                    "index.htm",
                    "index.html",
                    "iisstart.htm",
                    "default.aspx",
                    "index.php"
                ],
                "netFrameworkVersion": "v4.0",
                "phpVersion": "5.6",
                "pythonVersion": "",
                "nodeVersion": "",
                "linuxFxVersion": "",
                "requestTracingEnabled": false,
                "remoteDebuggingEnabled": false,
                "httpLoggingEnabled": false,
                "logsDirectorySizeLimit": 35,
                "detailedErrorLoggingEnabled": false,
                "publishingUsername": "$iot-func-70E9DA61",
                "scmType": "None",
                "use32BitWorkerProcess": true,
                "webSocketsEnabled": false,
                "alwaysOn": false,
                "appCommandLine": "",
                "managedPipelineMode": "Integrated",
                "virtualApplications": [
                    {
                        "virtualPath": "/",
                        "physicalPath": "site\\wwwroot",
                        "preloadEnabled": false,
                        "virtualDirectories": null
                    }
                ],
                "winAuthAdminState": 0,
                "winAuthTenantState": 0,
                "customAppPoolIdentityAdminState": false,
                "customAppPoolIdentityTenantState": false,
                "loadBalancing": "LeastRequests",
                "routingRules": [],
                "experiments": {
                    "rampUpRules": []
                },
                "autoHealEnabled": false,
                "vnetName": "",
                "siteAuthEnabled": false,
                "siteAuthSettings": {
                    "enabled": null,
                    "unauthenticatedClientAction": null,
                    "tokenStoreEnabled": null,
                    "allowedExternalRedirectUrls": null,
                    "defaultProvider": null,
                    "clientId": null,
                    "clientSecret": null,
                    "clientSecretCertificateThumbprint": null,
                    "issuer": null,
                    "allowedAudiences": null,
                    "additionalLoginParams": null,
                    "isAadAutoProvisioned": false,
                    "googleClientId": null,
                    "googleClientSecret": null,
                    "googleOAuthScopes": null,
                    "facebookAppId": null,
                    "facebookAppSecret": null,
                    "facebookOAuthScopes": null,
                    "twitterConsumerKey": null,
                    "twitterConsumerSecret": null,
                    "microsoftAccountClientId": null,
                    "microsoftAccountClientSecret": null,
                    "microsoftAccountOAuthScopes": null
                },
                "cors": {
                    "allowedOrigins": [
                        "https://functions.azure.com",
                        "https://functions-staging.azure.com",
                        "https://functions-next.azure.com"
                    ],
                    "supportCredentials": false
                },
                "localMySqlEnabled": false,
                "http20Enabled": false,
                "minTlsVersion": "1.2",
                "ftpsState": "AllAllowed",
                "reservedInstanceCount": 0
            }
        },
        {
            "type": "Microsoft.Web/sites/deployments",
            "apiVersion": "2016-08-01",
            "name": "[concat(parameters('sites_iot_func_70E9DA61_name'), '/1b0efbac17834ae287bae61626ff7dad')]",
            "location": "East Asia",
            "dependsOn": [
                "[resourceId('Microsoft.Web/sites', parameters('sites_iot_func_70E9DA61_name'))]"
            ],
            "properties": {
                "id": "1b0efbac17834ae287bae61626ff7dad",
                "status": 4,
                "author_email": "N/A",
                "author": "N/A",
                "deployer": "Push-Deployer",
                "message": "Created via a push deployment",
                "start_time": "2019-04-20T03:37:37.834601Z",
                "end_time": "2019-04-20T03:37:47.9570975Z",
                "active": true
            }
        },
        {
            "type": "Microsoft.Web/sites/deployments",
            "apiVersion": "2016-08-01",
            "name": "[concat(parameters('sites_iot_func_70E9DA61_name'), '/b0b6846731eb4d3687b98f1b7a117869')]",
            "location": "East Asia",
            "dependsOn": [
                "[resourceId('Microsoft.Web/sites', parameters('sites_iot_func_70E9DA61_name'))]"
            ],
            "properties": {
                "id": "b0b6846731eb4d3687b98f1b7a117869",
                "status": 4,
                "author_email": "N/A",
                "author": "N/A",
                "deployer": "Push-Deployer",
                "message": "Created via a push deployment",
                "start_time": "2019-04-20T03:33:48.3789725Z",
                "end_time": "2019-04-20T03:34:04.3723586Z",
                "active": false
            }
        },
        {
            "type": "Microsoft.Web/sites/deployments",
            "apiVersion": "2016-08-01",
            "name": "[concat(parameters('sites_iot_func_70E9DA61_name'), '/c9b07e41376944d59dd5b648cdf877ab')]",
            "location": "East Asia",
            "dependsOn": [
                "[resourceId('Microsoft.Web/sites', parameters('sites_iot_func_70E9DA61_name'))]"
            ],
            "properties": {
                "id": "c9b07e41376944d59dd5b648cdf877ab",
                "status": 4,
                "author_email": "N/A",
                "author": "N/A",
                "deployer": "Push-Deployer",
                "message": "Created via a push deployment",
                "start_time": "2019-04-19T17:24:11.5836857Z",
                "end_time": "2019-04-19T17:24:28.594009Z",
                "active": false
            }
        },
        {
            "type": "Microsoft.Web/sites/hostNameBindings",
            "apiVersion": "2016-08-01",
            "name": "[concat(parameters('sites_iot_func_70E9DA61_name'), '/', parameters('sites_iot_func_70E9DA61_name'), '.azurewebsites.net')]",
            "location": "East Asia",
            "dependsOn": [
                "[resourceId('Microsoft.Web/sites', parameters('sites_iot_func_70E9DA61_name'))]"
            ],
            "properties": {
                "siteName": "iot-func-70E9DA61",
                "hostNameType": "Verified"
            }
        },
        {
            "type": "Microsoft.TimeSeriesInsights/environments/eventsources",
            "apiVersion": "2017-11-15",
            "name": "[concat(parameters('environments_iot_tsi_70E9DA61_name'), '/', parameters('environments_iot_tsi_70E9DA61_name'))]",
            "location": "westus",
            "dependsOn": [
                "[resourceId('Microsoft.TimeSeriesInsights/environments', parameters('environments_iot_tsi_70E9DA61_name'))]",
                "[resourceId('Microsoft.Devices/IotHubs', parameters('IotHubs_iot_hub_70E9DA61_name'))]"
            ],
            "kind": "Microsoft.IoTHub",
            "properties": {
                "eventSourceResourceId": "[resourceId('Microsoft.Devices/IotHubs', parameters('IotHubs_iot_hub_70E9DA61_name'))]",
                "iotHubName": "iot-hub-70E9DA61",
                "keyName": "iothubowner",
                "consumerGroupName": "$Default",
                "timestampPropertyName": "",
                "creationTime": "Sat, 20 Apr 2019 13:56:43 GMT",
                "provisioningState": "Succeeded"
            }
        }
    ]
}